family,target,references,centered_intercept,centered_betas,centered_r2,centered_resid_std,log_intercept,log_betas,log_r2,log_resid_std_bps
PEBBLES,PEBBLES_XL,"PEBBLES_L, PEBBLES_M, PEBBLES_S, PEBBLES_XS",-0.06952104619119959,"PEBBLES_L:-1.0000, PEBBLES_M:-1.0000, PEBBLES_S:-1.0000, PEBBLES_XS:-1.0000",0.9999975186856395,2.7984485863702813,35.0629657320845,"PEBBLES_L:-0.7220, PEBBLES_M:-0.8943, PEBBLES_S:-0.5195, PEBBLES_XS:-0.6680",0.9792495581719721,199.29581595664374
PEBBLES,PEBBLES_XS,"PEBBLES_L, PEBBLES_M, PEBBLES_S, PEBBLES_XL",-0.08585770740403949,"PEBBLES_L:-1.0000, PEBBLES_M:-1.0000, PEBBLES_S:-1.0000, PEBBLES_XL:-1.0000",0.9999962729087615,2.7984481549855262,48.939617302927644,"PEBBLES_L:-1.0180, PEBBLES_M:-1.2997, PEBBLES_S:-0.6166, PEBBLES_XL:-1.3764",0.9779774885943359,286.06537420745855
PEBBLES,PEBBLES_S,"PEBBLES_L, PEBBLES_M, PEBBLES_XL, PEBBLES_XS",-0.06840840492562866,"PEBBLES_L:-0.9999, PEBBLES_M:-1.0000, PEBBLES_XL:-0.9999, PEBBLES_XS:-0.9999",0.9999887223737248,2.798342852739618,47.671087321037255,"PEBBLES_L:-0.8834, PEBBLES_M:-1.2229, PEBBLES_XL:-1.3104, PEBBLES_XS:-0.7549",0.8919182937567447,316.5223329309903
PEBBLES,PEBBLES_M,"PEBBLES_L, PEBBLES_S, PEBBLES_XL, PEBBLES_XS",-0.08838044037085276,"PEBBLES_L:-0.9999, PEBBLES_S:-1.0000, PEBBLES_XL:-1.0000, PEBBLES_XS:-1.0000",0.9999834471151662,2.7984006813139892,33.91525173498271,"PEBBLES_L:-0.6259, PEBBLES_S:-0.4956, PEBBLES_XL:-0.9142, PEBBLES_XS:-0.6448",0.9126922969940082,201.49809753626454
PEBBLES,PEBBLES_L,"PEBBLES_M, PEBBLES_S, PEBBLES_XL, PEBBLES_XS",-0.06902501902095112,"PEBBLES_M:-1.0000, PEBBLES_S:-1.0000, PEBBLES_XL:-1.0000, PEBBLES_XS:-1.0000",0.9999797794506762,2.798455224075458,40.436348730259986,"PEBBLES_M:-0.9519, PEBBLES_S:-0.5445, PEBBLES_XL:-1.1224, PEBBLES_XS:-0.7681",0.8373342428613684,248.48417236124791
SNACKPACK,SNACKPACK_CHOCOLATE,"SNACKPACK_PISTACHIO, SNACKPACK_RASPBERRY, SNACKPACK_STRAWBERRY, SNACKPACK_VANILLA",89.26435729018225,"SNACKPACK_PISTACHIO:0.1120, SNACKPACK_RASPBERRY:0.0112, SNACKPACK_STRAWBERRY:-0.1423, SNACKPACK_VANILLA:-0.9221",0.948366766254739,45.61252792734556,18.017327450078657,"SNACKPACK_PISTACHIO:0.1184, SNACKPACK_RASPBERRY:0.0240, SNACKPACK_STRAWBERRY:-0.1493, SNACKPACK_VANILLA:-0.9483",0.9459706807941825,47.58517232718258
SNACKPACK,SNACKPACK_VANILLA,"SNACKPACK_CHOCOLATE, SNACKPACK_PISTACHIO, SNACKPACK_RASPBERRY, SNACKPACK_STRAWBERRY",82.4238547868356,"SNACKPACK_CHOCOLATE:-0.9969, SNACKPACK_PISTACHIO:0.0889, SNACKPACK_RASPBERRY:0.0049, SNACKPACK_STRAWBERRY:-0.1370",0.9294155317310396,47.42729760065168,18.44547428103089,"SNACKPACK_CHOCOLATE:-0.9654, SNACKPACK_PISTACHIO:0.0896, SNACKPACK_RASPBERRY:0.0141, SNACKPACK_STRAWBERRY:-0.1401",0.9262224097346083,48.01268430156815
MICROCHIP,MICROCHIP_OVAL,"MICROCHIP_CIRCLE, MICROCHIP_RECTANGLE, MICROCHIP_SQUARE, MICROCHIP_TRIANGLE",-310.00758653918103,"MICROCHIP_CIRCLE:-0.3295, MICROCHIP_RECTANGLE:0.4549, MICROCHIP_SQUARE:-0.2335, MICROCHIP_TRIANGLE:1.1261",0.9186291866441225,442.6916330665995,-2.5650073839678957,"MICROCHIP_CIRCLE:-0.4376, MICROCHIP_RECTANGLE:0.5294, MICROCHIP_SQUARE:-0.3025, MICROCHIP_TRIANGLE:1.4848",0.9265334070315069,545.7893584333359
UV_VISOR,UV_VISOR_AMBER,"UV_VISOR_MAGENTA, UV_VISOR_ORANGE, UV_VISOR_RED, UV_VISOR_YELLOW",-30.182115905322025,"UV_VISOR_MAGENTA:-0.9698, UV_VISOR_ORANGE:-0.3847, UV_VISOR_RED:-0.6173, UV_VISOR_YELLOW:-0.1666",0.8963536556978277,320.9491655092047,35.382121854683724,"UV_VISOR_MAGENTA:-1.3058, UV_VISOR_ORANGE:-0.5120, UV_VISOR_RED:-0.8789, UV_VISOR_YELLOW:-0.1433",0.902184838658731,386.05627153161066
SLEEP_POD,SLEEP_POD_POLYESTER,"SLEEP_POD_COTTON, SLEEP_POD_LAMB_WOOL, SLEEP_POD_NYLON, SLEEP_POD_SUEDE",351.66235731194246,"SLEEP_POD_COTTON:0.5837, SLEEP_POD_LAMB_WOOL:-0.1455, SLEEP_POD_NYLON:0.0699, SLEEP_POD_SUEDE:0.5186",0.8878871310397407,327.3121037587673,0.17106627847600042,"SLEEP_POD_COTTON:0.5843, SLEEP_POD_LAMB_WOOL:-0.1352, SLEEP_POD_NYLON:0.0339, SLEEP_POD_SUEDE:0.5018",0.8874212716643249,283.4444798056215
MICROCHIP,MICROCHIP_TRIANGLE,"MICROCHIP_CIRCLE, MICROCHIP_OVAL, MICROCHIP_RECTANGLE, MICROCHIP_SQUARE",81.6779950214583,"MICROCHIP_CIRCLE:-0.1772, MICROCHIP_OVAL:0.5638, MICROCHIP_RECTANGLE:-0.2995, MICROCHIP_SQUARE:0.0313",0.8587195678153418,313.2410415712827,8.133150546097804,"MICROCHIP_CIRCLE:-0.1101, MICROCHIP_OVAL:0.4653, MICROCHIP_RECTANGLE:-0.2667, MICROCHIP_SQUARE:0.0297",0.8820133012841328,305.5292575551532
MICROCHIP,MICROCHIP_SQUARE,"MICROCHIP_CIRCLE, MICROCHIP_OVAL, MICROCHIP_RECTANGLE, MICROCHIP_TRIANGLE",334.34403428129303,"MICROCHIP_CIRCLE:-0.6668, MICROCHIP_OVAL:-0.6231, MICROCHIP_RECTANGLE:-1.3055, MICROCHIP_TRIANGLE:0.1666",0.8438648806774333,723.2047408966679,24.44555935929059,"MICROCHIP_CIRCLE:-0.4718, MICROCHIP_OVAL:-0.3464, MICROCHIP_RECTANGLE:-0.9385, MICROCHIP_TRIANGLE:0.1085",0.8284745471704699,584.02364636317
UV_VISOR,UV_VISOR_MAGENTA,"UV_VISOR_AMBER, UV_VISOR_ORANGE, UV_VISOR_RED, UV_VISOR_YELLOW",44.21131729881716,"UV_VISOR_AMBER:-0.6566, UV_VISOR_ORANGE:-0.0653, UV_VISOR_RED:-0.2874, UV_VISOR_YELLOW:0.0312",0.8147361484417052,264.08773080305684,16.996936172103464,"UV_VISOR_AMBER:-0.4985, UV_VISOR_ORANGE:-0.0811, UV_VISOR_RED:-0.3267, UV_VISOR_YELLOW:0.0623",0.8208636184015353,238.52156523260243
MICROCHIP,MICROCHIP_RECTANGLE,"MICROCHIP_CIRCLE, MICROCHIP_OVAL, MICROCHIP_SQUARE, MICROCHIP_TRIANGLE",145.369867571041,"MICROCHIP_CIRCLE:0.1056, MICROCHIP_OVAL:0.2522, MICROCHIP_SQUARE:-0.2712, MICROCHIP_TRIANGLE:-0.3316",0.8078684880144804,329.6311769587524,12.532683221499317,"MICROCHIP_CIRCLE:0.1856, MICROCHIP_OVAL:0.2518, MICROCHIP_SQUARE:-0.3898, MICROCHIP_TRIANGLE:-0.4047",0.8057694078530815,376.3925273114943
SNACKPACK,SNACKPACK_STRAWBERRY,"SNACKPACK_CHOCOLATE, SNACKPACK_PISTACHIO, SNACKPACK_RASPBERRY, SNACKPACK_VANILLA",171.83266094080383,"SNACKPACK_CHOCOLATE:-1.8195, SNACKPACK_PISTACHIO:-1.0093, SNACKPACK_RASPBERRY:-1.3033, SNACKPACK_VANILLA:-1.6200",0.7987878683451213,163.086809585362,57.86844307541258,"SNACKPACK_CHOCOLATE:-1.6064, SNACKPACK_PISTACHIO:-0.9364, SNACKPACK_RASPBERRY:-1.2575, SNACKPACK_VANILLA:-1.4809",0.7932259393287623,156.08440050434876
SLEEP_POD,SLEEP_POD_COTTON,"SLEEP_POD_LAMB_WOOL, SLEEP_POD_NYLON, SLEEP_POD_POLYESTER, SLEEP_POD_SUEDE",114.80358475710665,"SLEEP_POD_LAMB_WOOL:0.0853, SLEEP_POD_NYLON:0.1853, SLEEP_POD_POLYESTER:0.8935, SLEEP_POD_SUEDE:-0.1604",0.7918989181447968,404.9486085303838,0.08628544659926131,"SLEEP_POD_LAMB_WOOL:0.0775, SLEEP_POD_NYLON:0.1802, SLEEP_POD_POLYESTER:0.8772, SLEEP_POD_SUEDE:-0.1428",0.7924829777989155,347.29778254418136
ROBOT,ROBOT_MOPPING,"ROBOT_DISHES, ROBOT_IRONING, ROBOT_LAUNDRY, ROBOT_VACUUMING",-155.11301124181514,"ROBOT_DISHES:-0.5459, ROBOT_IRONING:-0.5437, ROBOT_LAUNDRY:-0.3339, ROBOT_VACUUMING:-0.6003",0.7914769009064356,350.3188078273419,24.692601584182643,"ROBOT_DISHES:-0.4785, ROBOT_IRONING:-0.4113, ROBOT_LAUNDRY:-0.2720, ROBOT_VACUUMING:-0.5201",0.7794456786196704,326.0842004780128
ROBOT,ROBOT_VACUUMING,"ROBOT_DISHES, ROBOT_IRONING, ROBOT_LAUNDRY, ROBOT_MOPPING",-375.4519413210062,"ROBOT_DISHES:-0.2870, ROBOT_IRONING:0.0577, ROBOT_LAUNDRY:0.1621, ROBOT_MOPPING:-0.3171",0.7737548329518517,254.59704104451734,13.06594874949598,"ROBOT_DISHES:-0.3031, ROBOT_IRONING:0.0758, ROBOT_LAUNDRY:0.1681, ROBOT_MOPPING:-0.3635",0.7795029537459128,272.5864547965047
ROBOT,ROBOT_IRONING,"ROBOT_DISHES, ROBOT_LAUNDRY, ROBOT_MOPPING, ROBOT_VACUUMING",-522.4890544771738,"ROBOT_DISHES:-0.4403, ROBOT_LAUNDRY:0.0157, ROBOT_MOPPING:-0.6035, ROBOT_VACUUMING:0.1213",0.7708570250461866,369.0833016230883,17.45571515374888,"ROBOT_DISHES:-0.4592, ROBOT_LAUNDRY:0.0782, ROBOT_MOPPING:-0.7062, ROBOT_VACUUMING:0.1862",0.7703185194624786,427.2749402817832
SNACKPACK,SNACKPACK_PISTACHIO,"SNACKPACK_CHOCOLATE, SNACKPACK_RASPBERRY, SNACKPACK_STRAWBERRY, SNACKPACK_VANILLA",-184.06920022787693,"SNACKPACK_CHOCOLATE:0.4352, SNACKPACK_RASPBERRY:-0.8518, SNACKPACK_STRAWBERRY:-0.3067, SNACKPACK_VANILLA:0.3196",0.7700662299433498,89.90651270341218,13.232167378949775,"SNACKPACK_CHOCOLATE:0.4592, SNACKPACK_RASPBERRY:-0.9017, SNACKPACK_STRAWBERRY:-0.3376, SNACKPACK_VANILLA:0.3415",0.7738443739568136,93.71757346068371
SLEEP_POD,SLEEP_POD_SUEDE,"SLEEP_POD_COTTON, SLEEP_POD_LAMB_WOOL, SLEEP_POD_NYLON, SLEEP_POD_POLYESTER",-169.39264420275182,"SLEEP_POD_COTTON:-0.1955, SLEEP_POD_LAMB_WOOL:0.0577, SLEEP_POD_NYLON:-0.1226, SLEEP_POD_POLYESTER:0.9673",0.7532629586155458,447.02710327584265,2.035838702164925,"SLEEP_POD_COTTON:-0.1894, SLEEP_POD_LAMB_WOOL:0.0581, SLEEP_POD_NYLON:-0.0914, SLEEP_POD_POLYESTER:0.9996",0.7585957217255894,400.0477811083728
SNACKPACK,SNACKPACK_RASPBERRY,"SNACKPACK_CHOCOLATE, SNACKPACK_PISTACHIO, SNACKPACK_STRAWBERRY, SNACKPACK_VANILLA",-53.32963712356992,"SNACKPACK_CHOCOLATE:0.0396, SNACKPACK_PISTACHIO:-0.7733, SNACKPACK_STRAWBERRY:-0.3595, SNACKPACK_VANILLA:0.0160",0.7455509379805116,85.65910447724478,18.30195804941801,"SNACKPACK_CHOCOLATE:0.0762, SNACKPACK_PISTACHIO:-0.7372, SNACKPACK_STRAWBERRY:-0.3707, SNACKPACK_VANILLA:0.0440",0.7467756674726898,84.74057667871682
ROBOT,ROBOT_LAUNDRY,"ROBOT_DISHES, ROBOT_IRONING, ROBOT_MOPPING, ROBOT_VACUUMING",364.9305347830675,"ROBOT_DISHES:-0.4509, ROBOT_IRONING:0.0117, ROBOT_MOPPING:-0.2780, ROBOT_VACUUMING:0.2555",0.729277981843454,319.6377642929277,13.142385429210371,"ROBOT_DISHES:-0.4375, ROBOT_IRONING:0.0474, ROBOT_MOPPING:-0.2829, ROBOT_VACUUMING:0.2502",0.7255683768547407,332.5989337706264
PANEL,PANEL_2X2,"PANEL_1X2, PANEL_1X4, PANEL_2X4, PANEL_4X4",-239.57415917463447,"PANEL_1X2:-0.3432, PANEL_1X4:0.1810, PANEL_2X4:-0.4115, PANEL_4X4:-0.6287",0.7000838359528497,369.5486557327339,20.21133338259509,"PANEL_1X2:-0.3093, PANEL_1X4:0.2083, PANEL_2X4:-0.4688, PANEL_4X4:-0.6270",0.703352298154619,387.0584323296257
OXYGEN_SHAKE,OXYGEN_SHAKE_GARLIC,"OXYGEN_SHAKE_CHOCOLATE, OXYGEN_SHAKE_EVENING_BREATH, OXYGEN_SHAKE_MINT, OXYGEN_SHAKE_MORNING_BREATH",1512.3798738794967,"OXYGEN_SHAKE_CHOCOLATE:0.8085, OXYGEN_SHAKE_EVENING_BREATH:-0.9709, OXYGEN_SHAKE_MINT:-0.4018, OXYGEN_SHAKE_MORNING_BREATH:-0.6898",0.6945956765103445,526.8530970455028,19.98189879536345,"OXYGEN_SHAKE_CHOCOLATE:0.5981, OXYGEN_SHAKE_EVENING_BREATH:-0.7980, OXYGEN_SHAKE_MINT:-0.3449, OXYGEN_SHAKE_MORNING_BREATH:-0.6103",0.6670908764069514,463.60124403344236
TRANSLATOR,TRANSLATOR_VOID_BLUE,"TRANSLATOR_ASTRO_BLACK, TRANSLATOR_ECLIPSE_CHARCOAL, TRANSLATOR_GRAPHITE_MIST, TRANSLATOR_SPACE_GRAY",337.0255122207055,"TRANSLATOR_ASTRO_BLACK:-0.6239, TRANSLATOR_ECLIPSE_CHARCOAL:0.5066, TRANSLATOR_GRAPHITE_MIST:0.0215, TRANSLATOR_SPACE_GRAY:-0.4058",0.6770909198775938,329.16169300329585,12.569969777779912,"TRANSLATOR_ASTRO_BLACK:-0.5407, TRANSLATOR_ECLIPSE_CHARCOAL:0.5009, TRANSLATOR_GRAPHITE_MIST:0.0313, TRANSLATOR_SPACE_GRAY:-0.3526",0.6858772465803311,304.4816977543154
ROBOT,ROBOT_DISHES,"ROBOT_IRONING, ROBOT_LAUNDRY, ROBOT_MOPPING, ROBOT_VACUUMING",-363.53559583582387,"ROBOT_IRONING:-0.3270, ROBOT_LAUNDRY:-0.4465, ROBOT_MOPPING:-0.4501, ROBOT_VACUUMING:-0.4480",0.6734592978035743,318.0844054230884,23.609298955902844,"ROBOT_IRONING:-0.2619, ROBOT_LAUNDRY:-0.4118, ROBOT_MOPPING:-0.4686, ROBOT_VACUUMING:-0.4248",0.6614986865242066,322.71298288760187
UV_VISOR,UV_VISOR_RED,"UV_VISOR_AMBER, UV_VISOR_MAGENTA, UV_VISOR_ORANGE, UV_VISOR_YELLOW",584.6461281171993,"UV_VISOR_AMBER:-0.6818, UV_VISOR_MAGENTA:-0.4689, UV_VISOR_ORANGE:-0.1361, UV_VISOR_YELLOW:-0.3820",0.6706008593689011,337.3092751721877,23.040332612408502,"UV_VISOR_AMBER:-0.5176, UV_VISOR_MAGENTA:-0.5041, UV_VISOR_ORANGE:-0.1544, UV_VISOR_YELLOW:-0.3189",0.6835570094835712,296.2677685201979
PANEL,PANEL_2X4,"PANEL_1X2, PANEL_1X4, PANEL_2X2, PANEL_4X4",610.0094387804551,"PANEL_1X2:-0.1605, PANEL_1X4:-0.3128, PANEL_2X2:-0.5007, PANEL_4X4:-0.6768",0.5775456756001707,407.65211728165315,22.011243613790416,"PANEL_1X2:-0.1247, PANEL_1X4:-0.2621, PANEL_2X2:-0.4110, PANEL_4X4:-0.5856",0.5776011171285282,362.42814105598023
MICROCHIP,MICROCHIP_CIRCLE,"MICROCHIP_OVAL, MICROCHIP_RECTANGLE, MICROCHIP_SQUARE, MICROCHIP_TRIANGLE",-505.9660168826318,"MICROCHIP_OVAL:-0.2144, MICROCHIP_RECTANGLE:0.1240, MICROCHIP_SQUARE:-0.1626, MICROCHIP_TRIANGLE:-0.2303",0.5501999749369464,357.1406681612986,12.576660648686978,"MICROCHIP_OVAL:-0.2003, MICROCHIP_RECTANGLE:0.1787, MICROCHIP_SQUARE:-0.1887, MICROCHIP_TRIANGLE:-0.1609",0.5699572762293346,369.30575548279796
PANEL,PANEL_1X4,"PANEL_1X2, PANEL_2X2, PANEL_2X4, PANEL_4X4",276.3164560518624,"PANEL_1X2:-0.0387, PANEL_2X2:0.4275, PANEL_2X4:-0.6069, PANEL_4X4:-0.2354",0.5364129696519009,567.8702600924709,13.365990582634124,"PANEL_1X2:-0.0260, PANEL_2X2:0.4843, PANEL_2X4:-0.6949, PANEL_4X4:-0.2112",0.5560901559965462,590.122408075364
UV_VISOR,UV_VISOR_ORANGE,"UV_VISOR_AMBER, UV_VISOR_MAGENTA, UV_VISOR_RED, UV_VISOR_YELLOW",-226.61185193310124,"UV_VISOR_AMBER:-0.5348, UV_VISOR_MAGENTA:-0.1341, UV_VISOR_RED:-0.1713, UV_VISOR_YELLOW:-0.1383",0.527672185507158,378.4083295979133,18.073194277615563,"UV_VISOR_AMBER:-0.4418, UV_VISOR_MAGENTA:-0.1833, UV_VISOR_RED:-0.2262, UV_VISOR_YELLOW:-0.1126",0.5375934760765264,358.5948444430298
OXYGEN_SHAKE,OXYGEN_SHAKE_MORNING_BREATH,"OXYGEN_SHAKE_CHOCOLATE, OXYGEN_SHAKE_EVENING_BREATH, OXYGEN_SHAKE_GARLIC, OXYGEN_SHAKE_MINT",522.6279688341398,"OXYGEN_SHAKE_CHOCOLATE:0.2119, OXYGEN_SHAKE_EVENING_BREATH:-0.7859, OXYGEN_SHAKE_GARLIC:-0.5315, OXYGEN_SHAKE_MINT:-0.1418",0.4981486717546725,462.4566947489324,21.59441395857346,"OXYGEN_SHAKE_CHOCOLATE:0.1492, OXYGEN_SHAKE_EVENING_BREATH:-0.7367, OXYGEN_SHAKE_GARLIC:-0.6053, OXYGEN_SHAKE_MINT:-0.1463",0.5001635227945669,461.68005328414944
TRANSLATOR,TRANSLATOR_ASTRO_BLACK,"TRANSLATOR_ECLIPSE_CHARCOAL, TRANSLATOR_GRAPHITE_MIST, TRANSLATOR_SPACE_GRAY, TRANSLATOR_VOID_BLUE",-71.72456474939627,"TRANSLATOR_ECLIPSE_CHARCOAL:0.2142, TRANSLATOR_GRAPHITE_MIST:-0.0988, TRANSLATOR_SPACE_GRAY:-0.1784, TRANSLATOR_VOID_BLUE:-0.6944",0.4972177320307738,347.2648859072855,16.78921727537932,"TRANSLATOR_ECLIPSE_CHARCOAL:0.2563, TRANSLATOR_GRAPHITE_MIST:-0.0987, TRANSLATOR_SPACE_GRAY:-0.1806, TRANSLATOR_VOID_BLUE:-0.8004",0.49588370475048105,370.4617968987685
PANEL,PANEL_4X4,"PANEL_1X2, PANEL_1X4, PANEL_2X2, PANEL_2X4",109.60301351097382,"PANEL_1X2:-0.0643, PANEL_1X4:-0.0793, PANEL_2X2:-0.4998, PANEL_2X4:-0.4422",0.48019266008430883,329.51341183494134,19.00373514357945,"PANEL_1X2:-0.0355, PANEL_1X4:-0.0673, PANEL_2X2:-0.4643, PANEL_2X4:-0.4946",0.4708132546876609,333.0863612059083
OXYGEN_SHAKE,OXYGEN_SHAKE_CHOCOLATE,"OXYGEN_SHAKE_EVENING_BREATH, OXYGEN_SHAKE_GARLIC, OXYGEN_SHAKE_MINT, OXYGEN_SHAKE_MORNING_BREATH",-1042.0502944636526,"OXYGEN_SHAKE_EVENING_BREATH:0.4255, OXYGEN_SHAKE_GARLIC:0.4775, OXYGEN_SHAKE_MINT:0.0672, OXYGEN_SHAKE_MORNING_BREATH:0.1624",0.4783415016695004,404.89971868907134,-0.7836651937961744,"OXYGEN_SHAKE_EVENING_BREATH:0.3772, OXYGEN_SHAKE_GARLIC:0.5239, OXYGEN_SHAKE_MINT:0.0405, OXYGEN_SHAKE_MORNING_BREATH:0.1318",0.4170337053036556,433.90180844218094
UV_VISOR,UV_VISOR_YELLOW,"UV_VISOR_AMBER, UV_VISOR_MAGENTA, UV_VISOR_ORANGE, UV_VISOR_RED",984.9859922085125,"UV_VISOR_AMBER:-0.4211, UV_VISOR_MAGENTA:0.1166, UV_VISOR_ORANGE:-0.2513, UV_VISOR_RED:-0.8739",0.44007761894135067,510.1830642134449,18.690253794490435,"UV_VISOR_AMBER:-0.2238, UV_VISOR_MAGENTA:0.2550, UV_VISOR_ORANGE:-0.2039, UV_VISOR_RED:-0.8456",0.4148586605752014,482.4724825339414
OXYGEN_SHAKE,OXYGEN_SHAKE_EVENING_BREATH,"OXYGEN_SHAKE_CHOCOLATE, OXYGEN_SHAKE_GARLIC, OXYGEN_SHAKE_MINT, OXYGEN_SHAKE_MORNING_BREATH",-43.525032984892796,"OXYGEN_SHAKE_CHOCOLATE:0.2394, OXYGEN_SHAKE_GARLIC:-0.3225, OXYGEN_SHAKE_MINT:-0.2644, OXYGEN_SHAKE_MORNING_BREATH:-0.3389",0.42314683026558086,303.66782606954564,16.873903374745716,"OXYGEN_SHAKE_CHOCOLATE:0.2150, OXYGEN_SHAKE_GARLIC:-0.3985, OXYGEN_SHAKE_MINT:-0.2780, OXYGEN_SHAKE_MORNING_BREATH:-0.3709",0.4299224171263363,327.59064854578077
SLEEP_POD,SLEEP_POD_NYLON,"SLEEP_POD_COTTON, SLEEP_POD_LAMB_WOOL, SLEEP_POD_POLYESTER, SLEEP_POD_SUEDE",-1099.0680676104705,"SLEEP_POD_COTTON:0.1798, SLEEP_POD_LAMB_WOOL:0.5791, SLEEP_POD_POLYESTER:0.1038, SLEEP_POD_SUEDE:-0.0976",0.38513687031279364,398.9103680259972,1.0509273243380444,"SLEEP_POD_COTTON:0.2522, SLEEP_POD_LAMB_WOOL:0.6463, SLEEP_POD_POLYESTER:0.0711, SLEEP_POD_SUEDE:-0.0963",0.38696510517721305,410.8009291171124
PANEL,PANEL_1X2,"PANEL_1X4, PANEL_2X2, PANEL_2X4, PANEL_4X4",-1074.0320146576169,"PANEL_1X4:-0.0285, PANEL_2X2:-0.5969, PANEL_2X4:-0.2294, PANEL_4X4:-0.1407",0.3174386089799186,487.3730188977691,18.55216972044218,"PANEL_1X4:-0.0225, PANEL_2X2:-0.6218, PANEL_2X4:-0.2860, PANEL_4X4:-0.0964",0.3178442554256572,548.7889824866461
TRANSLATOR,TRANSLATOR_SPACE_GRAY,"TRANSLATOR_ASTRO_BLACK, TRANSLATOR_ECLIPSE_CHARCOAL, TRANSLATOR_GRAPHITE_MIST, TRANSLATOR_VOID_BLUE",-130.12029949836705,"TRANSLATOR_ASTRO_BLACK:-0.2583, TRANSLATOR_ECLIPSE_CHARCOAL:0.2176, TRANSLATOR_GRAPHITE_MIST:0.0612, TRANSLATOR_VOID_BLUE:-0.6539",0.30916947045844445,417.83051243794034,15.523528845647446,"TRANSLATOR_ASTRO_BLACK:-0.2651, TRANSLATOR_ECLIPSE_CHARCOAL:0.2752, TRANSLATOR_GRAPHITE_MIST:0.0694, TRANSLATOR_VOID_BLUE:-0.7660",0.3108509598883351,448.8123974407701
GALAXY_SOUNDS,GALAXY_SOUNDS_SOLAR_WINDS,"GALAXY_SOUNDS_BLACK_HOLES, GALAXY_SOUNDS_DARK_MATTER, GALAXY_SOUNDS_PLANETARY_RINGS, GALAXY_SOUNDS_SOLAR_FLAMES",438.37662881372876,"GALAXY_SOUNDS_BLACK_HOLES:0.2404, GALAXY_SOUNDS_DARK_MATTER:-0.0844, GALAXY_SOUNDS_PLANETARY_RINGS:0.0535, GALAXY_SOUNDS_SOLAR_FLAMES:-0.3436",0.30141883890383614,452.26668868022523,10.761492837061544,"GALAXY_SOUNDS_BLACK_HOLES:0.2660, GALAXY_SOUNDS_DARK_MATTER:-0.1023, GALAXY_SOUNDS_PLANETARY_RINGS:0.0484, GALAXY_SOUNDS_SOLAR_FLAMES:-0.3758",0.29587172628803393,436.8373330431781
SLEEP_POD,SLEEP_POD_LAMB_WOOL,"SLEEP_POD_COTTON, SLEEP_POD_NYLON, SLEEP_POD_POLYESTER, SLEEP_POD_SUEDE",1020.5262230289719,"SLEEP_POD_COTTON:0.0633, SLEEP_POD_NYLON:0.4424, SLEEP_POD_POLYESTER:-0.1651, SLEEP_POD_SUEDE:0.0351",0.2877772055726555,348.6869673116368,6.281603164666406,"SLEEP_POD_COTTON:0.0670, SLEEP_POD_NYLON:0.3991, SLEEP_POD_POLYESTER:-0.1754, SLEEP_POD_SUEDE:0.0378",0.29483980454030045,322.82777610998096
TRANSLATOR,TRANSLATOR_ECLIPSE_CHARCOAL,"TRANSLATOR_ASTRO_BLACK, TRANSLATOR_GRAPHITE_MIST, TRANSLATOR_SPACE_GRAY, TRANSLATOR_VOID_BLUE",-388.23959270180393,"TRANSLATOR_ASTRO_BLACK:0.1653, TRANSLATOR_GRAPHITE_MIST:-0.0484, TRANSLATOR_SPACE_GRAY:0.1160, TRANSLATOR_VOID_BLUE:0.4351",0.26418307154699594,305.0644477545036,2.284972481927355,"TRANSLATOR_ASTRO_BLACK:0.1742, TRANSLATOR_GRAPHITE_MIST:-0.0579, TRANSLATOR_SPACE_GRAY:0.1274, TRANSLATOR_VOID_BLUE:0.5038",0.2927183435328219,305.38016483136255
OXYGEN_SHAKE,OXYGEN_SHAKE_MINT,"OXYGEN_SHAKE_CHOCOLATE, OXYGEN_SHAKE_EVENING_BREATH, OXYGEN_SHAKE_GARLIC, OXYGEN_SHAKE_MORNING_BREATH",10.738863664778238,"OXYGEN_SHAKE_CHOCOLATE:0.0801, OXYGEN_SHAKE_EVENING_BREATH:-0.5604, OXYGEN_SHAKE_GARLIC:-0.2829, OXYGEN_SHAKE_MORNING_BREATH:-0.1295",0.24308926787849872,442.07721111083237,18.311991212983823,"OXYGEN_SHAKE_CHOCOLATE:0.0456, OXYGEN_SHAKE_EVENING_BREATH:-0.5486, OXYGEN_SHAKE_GARLIC:-0.3397, OXYGEN_SHAKE_MORNING_BREATH:-0.1454",0.24731808046060966,460.14328272576745
GALAXY_SOUNDS,GALAXY_SOUNDS_BLACK_HOLES,"GALAXY_SOUNDS_DARK_MATTER, GALAXY_SOUNDS_PLANETARY_RINGS, GALAXY_SOUNDS_SOLAR_FLAMES, GALAXY_SOUNDS_SOLAR_WINDS",972.109332108375,"GALAXY_SOUNDS_DARK_MATTER:-0.0500, GALAXY_SOUNDS_PLANETARY_RINGS:0.0507, GALAXY_SOUNDS_SOLAR_FLAMES:0.0902, GALAXY_SOUNDS_SOLAR_WINDS:0.8426",0.21956601813198273,846.7108691599624,0.5189489191096835,"GALAXY_SOUNDS_DARK_MATTER:0.0009, GALAXY_SOUNDS_PLANETARY_RINGS:0.0782, GALAXY_SOUNDS_SOLAR_FLAMES:0.1301, GALAXY_SOUNDS_SOLAR_WINDS:0.7435",0.21497032834039986,730.3811406780916
GALAXY_SOUNDS,GALAXY_SOUNDS_PLANETARY_RINGS,"GALAXY_SOUNDS_BLACK_HOLES, GALAXY_SOUNDS_DARK_MATTER, GALAXY_SOUNDS_SOLAR_FLAMES, GALAXY_SOUNDS_SOLAR_WINDS",370.6393353822091,"GALAXY_SOUNDS_BLACK_HOLES:0.0332, GALAXY_SOUNDS_DARK_MATTER:1.0113, GALAXY_SOUNDS_SOLAR_FLAMES:0.0590, GALAXY_SOUNDS_SOLAR_WINDS:0.1228",0.1999820497696969,684.9928472449255,-1.3497113240837726,"GALAXY_SOUNDS_BLACK_HOLES:0.0609, GALAXY_SOUNDS_DARK_MATTER:0.9423, GALAXY_SOUNDS_SOLAR_FLAMES:0.0417, GALAXY_SOUNDS_SOLAR_WINDS:0.1054",0.19175905592994125,644.2991753261794
GALAXY_SOUNDS,GALAXY_SOUNDS_DARK_MATTER,"GALAXY_SOUNDS_BLACK_HOLES, GALAXY_SOUNDS_PLANETARY_RINGS, GALAXY_SOUNDS_SOLAR_FLAMES, GALAXY_SOUNDS_SOLAR_WINDS",138.38183770876816,"GALAXY_SOUNDS_BLACK_HOLES:-0.0061, GALAXY_SOUNDS_PLANETARY_RINGS:0.1902, GALAXY_SOUNDS_SOLAR_FLAMES:-0.0298, GALAXY_SOUNDS_SOLAR_WINDS:-0.0364",0.1932115494571468,297.0398447808877,8.114125081017027,"GALAXY_SOUNDS_BLACK_HOLES:0.0001, GALAXY_SOUNDS_PLANETARY_RINGS:0.1911, GALAXY_SOUNDS_SOLAR_FLAMES:-0.0257, GALAXY_SOUNDS_SOLAR_WINDS:-0.0451",0.1818549162132379,290.13106361573796
GALAXY_SOUNDS,GALAXY_SOUNDS_SOLAR_FLAMES,"GALAXY_SOUNDS_BLACK_HOLES, GALAXY_SOUNDS_DARK_MATTER, GALAXY_SOUNDS_PLANETARY_RINGS, GALAXY_SOUNDS_SOLAR_WINDS",1187.5981378311471,"GALAXY_SOUNDS_BLACK_HOLES:0.0225, GALAXY_SOUNDS_DARK_MATTER:-0.0605, GALAXY_SOUNDS_PLANETARY_RINGS:0.0225, GALAXY_SOUNDS_SOLAR_WINDS:-0.3008",0.11624872434844091,423.17762498895434,11.900539170389017,"GALAXY_SOUNDS_BLACK_HOLES:0.0354, GALAXY_SOUNDS_DARK_MATTER:-0.0443, GALAXY_SOUNDS_PLANETARY_RINGS:0.0146, GALAXY_SOUNDS_SOLAR_WINDS:-0.2858",0.11522909758039646,380.9465370975899
TRANSLATOR,TRANSLATOR_GRAPHITE_MIST,"TRANSLATOR_ASTRO_BLACK, TRANSLATOR_ECLIPSE_CHARCOAL, TRANSLATOR_SPACE_GRAY, TRANSLATOR_VOID_BLUE",-51.18455039586438,"TRANSLATOR_ASTRO_BLACK:-0.1946, TRANSLATOR_ECLIPSE_CHARCOAL:-0.1236, TRANSLATOR_SPACE_GRAY:0.0832, TRANSLATOR_VOID_BLUE:0.0471",0.047847546130499574,487.44347917916235,10.546953882816133,"TRANSLATOR_ASTRO_BLACK:-0.1594, TRANSLATOR_ECLIPSE_CHARCOAL:-0.1377, TRANSLATOR_SPACE_GRAY:0.0763, TRANSLATOR_VOID_BLUE:0.0749",0.04785234089890189,470.7825329609536
